name,word,count
array,All users,660
string,All users,549
method,All users,474
class,All users,471
arraylist,All users,419
sort,All users,391
using,All users,383
merge,All users,281
list,All users,239
add,All users,206
mips,All users,201
input,All users,191
number,All users,186
object,All users,182
get,All users,181
can,All users,180
use,All users,177
way,All users,163
data,All users,161
format,All users,158
loop,All users,158
find,All users,154
linked,All users,154
error,All users,151
text,All users,151
r,All users,148
another,All users,147
jlist,All users,144
tostring,All users,144
objects,All users,141
file,All users,138
check,All users,135
int,All users,131
nocaptcha,All users,129
line,All users,125
user,All users,124
value,All users,123
adding,All users,122
abstract,All users,120
recursive,All users,119
remove,All users,119
convert,All users,117
jpanel,All users,117
numbers,All users,117
vs,All users,110
multiple,All users,109
recursion,All users,109
double,All users,108
one,All users,108
frame,All users,107
handle,A0001,11
infix,A0001,11
postfix,A0001,11
using,A0001,10
button,A0001,9
cast,A0001,9
check,A0001,7
error,A0001,7
events,A0001,7
code,A0001,6
components,A0001,5
stack,A0001,5
swing,A0001,5
wrapper,A0001,5
x,A0001,5
application,A0001,4
class,A0001,4
click,A0001,4
gui,A0001,4
listeners,A0001,4
rq,A0001,4
adding,A0001,3
empty,A0001,3
jtextfield,A0001,3
nullpointerexception,A0001,3
cast,A0005,13
format,A0005,13
string,A0005,9
applet,A0005,8
initialized,A0005,8
japplet,A0005,8
type,A0005,8
bank,A0005,7
filled,A0005,7
information,A0005,7
parse,A0005,7
particular,A0005,7
passing,A0005,7
plus,A0005,7
questions,A0005,7
rectangle,A0005,7
array,A0005,6
button,A0005,6
function,A0005,6
arrays,A0005,5
jpanel,A0005,5
nocaptcha,A0005,5
black,A0005,4
color,A0005,4
constructor,A0005,4
case,A0008,15
string,A0008,14
method,A0008,12
check,A0008,10
class,A0008,10
loop,A0008,10
nocaptcha,A0008,9
using,A0008,9
color,A0008,8
eclipse,A0008,8
number,A0008,8
static,A0008,8
converse,A0008,7
mean,A0008,7
abstract,A0008,6
contain,A0008,6
get,A0008,6
methods,A0008,6
operator,A0008,6
point,A0008,6
character,A0008,5
convert,A0008,5
ignore,A0008,5
inputs,A0008,5
integer,A0008,5
array,A0009,22
classes,A0009,18
error,A0009,16
sort,A0009,16
method,A0009,15
static,A0009,15
find,A0009,12
linked,A0009,12
methods,A0009,12
nullpointer,A0009,12
can,A0009,10
count,A0009,10
list,A0009,10
merge,A0009,10
object,A0009,10
size,A0009,10
counthowmany,A0009,9
integer,A0009,9
minimum,A0009,9
check,A0009,8
colors,A0009,8
container,A0009,8
negative,A0009,8
nocaptcha,A0009,8
number,A0009,8
method,A0010,25
list,A0010,24
array,A0010,23
linked,A0010,17
class,A0010,15
using,A0010,15
arraylist,A0010,14
jlist,A0010,13
return,A0010,11
update,A0010,11
jframe,A0010,10
swing,A0010,10
add,A0010,9
declaration,A0010,9
invalid,A0010,9
number,A0010,9
required,A0010,9
sort,A0010,9
type,A0010,9
find,A0010,8
object,A0010,8
objects,A0010,8
loaded,A0010,7
make,A0010,7
merge,A0010,7
method,A0011,36
string,A0011,30
class,A0011,22
array,A0011,17
tostring,A0011,17
mutator,A0011,15
variable,A0011,15
can,A0011,14
nocaptcha,A0011,14
abstract,A0011,12
vector,A0011,12
methods,A0011,11
gridlayout,A0011,10
reference,A0011,10
static,A0011,10
write,A0011,10
instantiate,A0011,9
scanner,A0011,9
accessing,A0011,8
add,A0011,8
make,A0011,8
parse,A0011,8
using,A0011,8
alphabetically,A0011,7
char,A0011,7
application,A0014,2
close,A0014,2
code,A0014,2
convert,A0015,2
inputstream,A0015,2
read,A0015,2
string,A0015,2
io,A0015,1
merge,A0018,15
sort,A0018,15
comparison,A0018,6
partition,A0018,5
change,A0018,4
codeblocks,A0018,4
console,A0018,4
default,A0018,4
like,A0018,4
mergesort,A0018,4
string,A0018,4
structure,A0018,4
tree,A0018,4
parting,A0018,3
comparisons,A0018,2
nocaptcha,A0018,2
operator,A0018,2
precedence,A0018,2
strings,A0018,2
way,A0018,2
arraylist,A0018,1
basic,A0018,1
c,A0018,1
compare,A0018,1
concatenate,A0018,1
string,A0019,21
arraylist,A0019,14
parsing,A0019,11
merge,A0019,10
get,A0019,9
line,A0019,9
mouse,A0019,7
new,A0019,7
rectangle,A0019,7
add,A0019,5
methods,A0019,5
set,A0019,5
sort,A0019,5
abstract,A0019,4
adding,A0019,4
character,A0019,4
element,A0019,4
error,A0019,4
inheritance,A0019,4
list,A0019,4
listener,A0019,4
settext,A0019,4
split,A0019,4
applet,A0019,3
arraylists,A0019,3
array,A0020,33
recursive,A0020,15
counting,A0020,12
list,A0020,9
size,A0020,9
using,A0020,8
decimal,A0020,7
linked,A0020,7
nodes,A0020,7
take,A0020,7
can,A0020,6
element,A0020,6
even,A0020,6
find,A0020,6
places,A0020,6
recursion,A0020,6
arraylist,A0020,5
certain,A0020,5
method,A0020,5
work,A0020,5
add,A0020,4
algorithm,A0020,4
arraylists,A0020,4
comparator,A0020,4
delay,A0020,4
text,A0021,9
casting,A0021,8
character,A0021,8
key,A0021,8
actionlistener,A0021,7
enter,A0021,7
nocaptcha,A0021,7
numbers,A0021,7
call,A0021,6
jbuttons,A0021,6
formatting,A0021,5
one,A0021,5
parents,A0021,5
string,A0021,5
add,A0021,4
area,A0021,4
listen,A0021,4
pane,A0021,4
scroll,A0021,4
always,A0021,3
another,A0021,3
buttons,A0021,3
can,A0021,3
class,A0021,3
field,A0021,3
array,A0022,9
actionevent,A0022,7
mergesort,A0022,5
arrays,A0022,4
convert,A0022,3
instantiate,A0022,3
mouseevent,A0022,3
tostring,A0022,3
add,A0022,2
adding,A0022,2
can,A0022,2
declare,A0022,2
list,A0022,2
maps,A0022,2
method,A0022,2
one,A0022,2
variable,A0022,2
variables,A0022,2
methods,A0022,1
problems,A0022,1
array,A0024,21
sort,A0024,14
merge,A0024,11
method,A0024,9
constructor,A0024,6
empty,A0024,6
exception,A0024,6
methods,A0024,5
minimum,A0024,5
script,A0024,5
clearing,A0024,4
elements,A0024,4
emptying,A0024,4
mergesort,A0024,4
object,A0024,4
recursion,A0024,4
using,A0024,4
adding,A0024,3
collection,A0024,3
comparison,A0024,3
constructors,A0024,3
finding,A0024,3
indexoutofboundsexception,A0024,3
iteration,A0024,3
lexicographic,A0024,3
method,A0025,25
array,A0025,21
string,A0025,18
class,A0025,15
file,A0025,15
arraylist,A0025,13
format,A0025,12
using,A0025,12
add,A0025,11
jframe,A0025,11
linked,A0025,11
list,A0025,11
listener,A0025,11
protected,A0025,11
text,A0025,11
check,A0025,10
decimal,A0025,10
nocaptcha,A0025,10
printwriter,A0025,9
split,A0025,9
element,A0025,8
find,A0025,8
finding,A0025,8
input,A0025,8
int,A0025,8
read,A0026,5
input,A0026,4
merge,A0026,4
scanner,A0026,4
list,A0026,3
error,A0026,2
find,A0026,2
length,A0026,2
linked,A0026,2
linkedlist,A0026,2
measure,A0026,2
method,A0026,2
singly,A0026,2
size,A0026,2
sort,A0026,2
symbol,A0026,2
vs,A0026,2
array,A0026,1
console,A0026,1
declare,A0026,1
declaring,A0026,1
split,A0026,1
string,A0026,1
stringtokenizer,A0026,1
system,A0026,1
string,A0029,23
arraylist,A0029,18
variables,A0029,10
parse,A0029,9
text,A0029,9
creating,A0029,8
jradiobutton,A0029,8
setselected,A0029,8
sort,A0029,8
abstract,A0029,7
applet,A0029,7
arrays,A0029,7
buttons,A0029,7
change,A0029,7
class,A0029,7
panels,A0029,7
radio,A0029,7
using,A0029,7
buttongroup,A0029,6
double,A0029,6
initialization,A0029,6
intellij,A0029,6
line,A0029,6
merge,A0029,6
one,A0029,6
action,A0030,6
class,A0030,6
int,A0030,6
listener,A0030,6
parse,A0030,6
ab,A0030,3
active,A0030,3
q,A0030,3
arraylist,A0033,10
abstract,A0033,6
array,A0033,6
border,A0033,4
class,A0033,4
converting,A0033,4
declare,A0033,4
line,A0033,4
margins,A0033,4
setting,A0033,4
swing,A0033,4
textarea,A0033,4
values,A0033,4
add,A0033,3
getsource,A0033,3
mouseevent,A0033,3
multiple,A0033,3
panel,A0033,3
action,A0033,2
buttons,A0033,2
can,A0033,2
canvas,A0033,2
classes,A0033,2
current,A0033,2
elements,A0033,2
find,A0034,8
minimum,A0034,8
array,A0034,5
make,A0034,5
how,A0034,3
i,A0034,3
integer,A0034,3
among,A0034,2
integers,A0034,2
parameter,A0034,2
values,A0034,2
substring,A0037,1
array,A0039,40
user,A0039,35
input,A0039,22
boxlayout,A0039,18
radio,A0039,18
store,A0039,18
class,A0039,16
method,A0039,15
text,A0039,15
clear,A0039,14
shared,A0039,14
button,A0039,13
another,A0039,12
buttons,A0039,12
create,A0039,12
inputs,A0039,11
area,A0039,10
using,A0039,10
add,A0039,9
convert,A0039,9
jpanel,A0039,9
call,A0039,8
cant,A0039,8
integer,A0039,8
textfield,A0039,8
recursive,A0040,9
algorithms,A0040,6
sorting,A0040,6
alternatives,A0040,3
conquer,A0040,3
divide,A0040,3
eclipse,A0040,3
non,A0040,3
sort,A0040,3
vs,A0040,3
classes,A0040,2
multiple,A0040,2
array,A0041,18
jlabel,A0041,15
jframe,A0041,14
jlist,A0041,14
string,A0041,14
function,A0041,13
using,A0041,13
return,A0041,11
jpanel,A0041,10
read,A0041,10
align,A0041,9
linked,A0041,9
list,A0041,9
type,A0041,9
sort,A0041,8
title,A0041,8
another,A0041,7
can,A0041,7
copy,A0041,7
elements,A0041,7
infix,A0041,7
merge,A0041,7
postfix,A0041,7
stacks,A0041,7
text,A0041,7
sort,A0042,26
merge,A0042,19
partition,A0042,9
using,A0042,8
mergesort,A0042,7
arrays,A0042,6
imageicon,A0042,6
swing,A0042,6
factorial,A0042,5
recursion,A0042,5
add,A0042,4
button,A0042,4
clicks,A0042,4
count,A0042,4
draw,A0042,4
jpanel,A0042,4
lines,A0042,4
tabs,A0042,4
two,A0042,4
way,A0042,4
algorithm,A0042,3
file,A0042,3
image,A0042,3
images,A0042,3
place,A0042,3
remove,A0043,15
linked,A0043,14
list,A0043,14
occurrences,A0043,9
array,A0043,8
duplicates,A0043,7
item,A0043,6
repaint,A0043,5
custom,A0043,4
delete,A0043,4
elements,A0043,4
par,A0043,4
reversing,A0043,4
singly,A0043,4
arraylist,A0043,3
method,A0043,3
paint,A0043,3
efficiently,A0043,2
known,A0043,2
last,A0043,2
set,A0043,2
using,A0043,2
without,A0043,2
append,A0043,1
button,A0043,1
arraylist,A0044,13
scanner,A0044,12
merge,A0044,11
using,A0044,11
random,A0044,9
generate,A0044,8
sort,A0044,8
character,A0044,7
array,A0044,6
int,A0044,6
multiple,A0044,6
string,A0044,6
console,A0044,5
copy,A0044,5
count,A0044,5
finding,A0044,5
keeping,A0044,5
line,A0044,5
minimum,A0044,5
recursion,A0044,5
recursively,A0044,5
simple,A0044,5
bufferedreader,A0044,4
converting,A0044,4
doc,A0044,4
method,A0046,100
class,A0046,93
string,A0046,57
array,A0046,54
another,A0046,49
arraylist,A0046,49
tostring,A0046,47
using,A0046,42
add,A0046,39
constructor,A0046,36
number,A0046,35
object,A0046,35
get,A0046,29
check,A0046,27
data,A0046,27
format,A0046,27
r,A0046,25
jlist,A0046,24
variable,A0046,24
can,A0046,23
error,A0046,23
call,A0046,21
loop,A0046,21
use,A0046,21
numbers,A0046,20
jlist,A0047,23
string,A0047,23
can,A0047,17
eclipse,A0047,16
components,A0047,15
double,A0047,15
add,A0047,14
get,A0047,14
jpanel,A0047,12
method,A0047,12
multiple,A0047,12
class,A0047,11
file,A0047,10
updating,A0047,10
action,A0047,9
listener,A0047,9
two,A0047,9
using,A0047,9
check,A0047,8
empty,A0047,8
jbutton,A0047,8
jtextfield,A0047,8
array,A0047,7
console,A0047,7
int,A0047,7
array,A0048,41
list,A0048,36
arraylist,A0048,35
method,A0048,30
jlist,A0048,22
add,A0048,20
linked,A0048,20
string,A0048,20
value,A0048,18
element,A0048,17
find,A0048,17
using,A0048,16
recursive,A0048,15
input,A0048,14
number,A0048,14
recursion,A0048,14
sort,A0048,13
user,A0048,13
check,A0048,12
index,A0048,12
objects,A0048,12
create,A0048,11
integers,A0048,11
positive,A0048,11
count,A0048,10
error,A0049,23
using,A0049,22
infix,A0049,15
postfix,A0049,15
stacks,A0049,14
method,A0049,13
array,A0049,12
find,A0049,11
arraylist,A0049,10
class,A0049,10
string,A0049,9
symbol,A0049,9
paintcomponent,A0049,8
recursion,A0049,8
add,A0049,7
objects,A0049,7
actually,A0049,6
call,A0049,6
creating,A0049,6
enum,A0049,6
expected,A0049,6
interface,A0049,6
make,A0049,6
mouselistener,A0049,6
paint,A0049,6
mips,A0050,50
loop,A0050,26
array,A0050,22
string,A0050,22
use,A0050,16
division,A0050,14
input,A0050,13
integer,A0050,13
using,A0050,12
get,A0050,10
arraylist,A0050,9
constant,A0050,9
initialize,A0050,9
multiplication,A0050,9
can,A0050,8
local,A0050,8
read,A0050,8
user,A0050,8
issue,A0050,7
line,A0050,7
nocaptcha,A0050,7
gettext,A0050,6
increment,A0050,6
jump,A0050,6
label,A0050,6
way,A0052,13
array,A0052,12
mergesort,A0052,11
duplicates,A0052,8
number,A0052,8
partition,A0052,8
find,A0052,7
addmouselistener,A0052,6
class,A0052,6
exception,A0052,6
integer,A0052,6
jpanel,A0052,6
using,A0052,6
list,A0052,5
missing,A0052,5
numbers,A0052,5
quickest,A0052,5
sort,A0052,5
adding,A0052,4
car,A0052,4
creating,A0052,4
delete,A0052,4
finding,A0052,4
paintcomponent,A0052,4
vector,A0052,4
jpanel,A0054,19
draw,A0054,14
arraylist,A0054,13
jframe,A0054,12
jlist,A0054,12
abstract,A0054,11
class,A0054,11
one,A0054,11
rectangle,A0054,11
string,A0054,11
using,A0054,11
add,A0054,10
method,A0054,10
adding,A0054,9
another,A0054,9
format,A0054,9
array,A0054,8
currency,A0054,8
linked,A0054,8
list,A0054,8
methods,A0054,8
mouse,A0054,8
can,A0054,7
applet,A0054,6
create,A0054,6
arrays,A0056,15
using,A0056,12
copy,A0056,10
merge,A0056,10
nocaptcha,A0056,10
sort,A0056,10
arraylist,A0056,9
constructor,A0056,8
deep,A0056,5
object,A0056,4
pass,A0056,4
loop,A0056,3
static,A0056,3
syntax,A0056,3
algorithm,A0056,2
info,A0056,2
mean,A0056,2
memory,A0056,2
reference,A0056,2
remove,A0056,2
value,A0056,2
vectors,A0056,2
c,A0056,1
classes,A0056,1
command,A0056,1
array,A0057,22
sort,A0057,16
arraylist,A0057,14
objects,A0057,13
numbers,A0057,10
catch,A0057,9
exception,A0057,9
method,A0057,9
list,A0057,8
way,A0057,8
file,A0057,7
get,A0057,7
using,A0057,7
number,A0057,6
recursion,A0057,6
string,A0057,6
sum,A0057,6
even,A0057,5
insertion,A0057,5
integers,A0057,5
partition,A0057,5
text,A0057,5
try,A0057,5
another,A0057,4
block,A0057,4
static,A0059,18
array,A0059,10
merge,A0059,10
method,A0059,10
sort,A0059,10
non,A0059,9
referenced,A0059,9
expression,A0059,8
infix,A0059,8
postfix,A0059,8
reversing,A0059,8
context,A0059,6
recursion,A0059,6
string,A0059,6
use,A0059,6
using,A0059,6
methods,A0059,5
arraylist,A0059,4
converting,A0059,4
element,A0059,4
function,A0059,4
insertio,A0059,4
invalid,A0059,4
printstacktrace,A0059,4
recursive,A0059,4
array,A0061,17
mips,A0061,13
mergesort,A0061,11
splitting,A0061,10
color,A0061,8
object,A0061,7
way,A0061,7
borderlayout,A0061,5
initializing,A0061,5
printing,A0061,5
using,A0061,5
add,A0061,4
b,A0061,4
d,A0061,4
overflow,A0061,4
result,A0061,4
search,A0061,4
updateui,A0061,4
changing,A0061,3
content,A0061,3
implementing,A0061,3
panel,A0061,3
partition,A0061,3
swing,A0061,3
thenewboston,A0061,3
string,A0064,30
array,A0064,29
int,A0064,19
php,A0064,12
nocaptcha,A0064,11
convert,A0064,9
sorted,A0064,9
arraylist,A0064,8
arrays,A0064,8
merge,A0064,8
negative,A0064,8
character,A0064,7
read,A0064,7
result,A0064,7
one,A0064,6
unit,A0064,6
using,A0064,6
foreach,A0064,5
iterations,A0064,5
loop,A0064,5
positive,A0064,5
delimiters,A0064,4
first,A0064,4
function,A0064,4
get,A0064,4
list,A0065,8
color,A0065,7
number,A0065,6
string,A0065,6
jlists,A0065,5
reverse,A0065,5
way,A0065,5
certain,A0065,4
convert,A0065,4
int,A0065,4
linked,A0065,4
objects,A0065,4
value,A0065,4
action,A0065,3
addactionlistenerthis,A0065,3
best,A0065,3
cases,A0065,3
change,A0065,3
class,A0065,3
converting,A0065,3
double,A0065,3
implement,A0065,3
listener,A0065,3
mouselistener,A0065,3
operations,A0065,3
mips,A0066,136
array,A0066,59
class,A0066,55
jtextarea,A0066,55
object,A0066,31
string,A0066,28
age,A0066,24
q,A0066,24
relevance,A0066,24
tab,A0066,24
method,A0066,23
print,A0066,21
assembly,A0066,20
abstract,A0066,19
text,A0066,18
type,A0066,17
another,A0066,16
objects,A0066,16
values,A0066,16
return,A0066,15
int,A0066,14
lw,A0066,14
recursive,A0066,14
t,A0066,14
change,A0066,13
array,A0067,30
adding,A0067,13
color,A0067,13
merge,A0067,10
object,A0067,8
button,A0067,7
group,A0067,7
list,A0067,7
number,A0067,7
ordered,A0067,7
sort,A0067,7
black,A0067,5
partition,A0067,5
addmouselistener,A0067,4
code,A0067,3
numbers,A0067,3
order,A0067,3
arrays,A0067,2
banding,A0067,2
buttongroup,A0067,2
canvas,A0067,2
convert,A0067,2
exception,A0067,2
get,A0067,2
gridbag,A0067,2
merge,A0069,6
sort,A0069,5
partition,A0069,3
mergesort,A0069,2
sorted,A0069,2
age,A0069,1
array,A0069,1
arraylist,A0069,1
arrays,A0069,1
part,A0069,1
q,A0069,1
relevance,A0069,1
tab,A0069,1
two,A0069,1
way,A0069,1
arraylist,A0071,8
elements,A0071,4
access,A0071,2
array,A0071,2
get,A0071,2
getters,A0071,2
inheritance,A0071,2
arraylists,A0071,1
arrays,A0071,1
create,A0071,1
fsuper,A0071,1
generic,A0071,1
list,A0071,1
merge,A0071,1
setters,A0071,1
sort,A0071,1
syntax,A0071,1
arraylist,A0073,22
class,A0073,8
parse,A0073,8
sort,A0073,8
interface,A0073,7
object,A0073,7
error,A0073,6
get,A0073,6
abstract,A0073,5
add,A0073,5
item,A0073,5
jsplitpane,A0073,5
loop,A0073,5
getting,A0073,4
initialization,A0073,4
line,A0073,4
merge,A0073,4
objects,A0073,4
one,A0073,4
outputstream,A0073,4
serializable,A0073,4
serialize,A0073,4
type,A0073,4
vector,A0073,4
array,A0073,3
r,A0074,117
data,A0074,98
frame,A0074,76
string,A0074,62
json,A0074,46
remove,A0074,44
rows,A0074,44
convert,A0074,33
sort,A0074,31
xml,A0074,31
row,A0074,27
way,A0074,27
c,A0074,26
using,A0074,25
command,A0074,24
web,A0074,24
arraylist,A0074,22
use,A0074,22
change,A0074,21
columns,A0074,21
array,A0074,20
class,A0074,19
punctuation,A0074,19
strings,A0074,19
best,A0074,18
merge,A0075,13
sort,A0075,13
arraylist,A0075,7
partition,A0075,4
merge,A0077,30
sort,A0077,28
partition,A0077,19
mergesort,A0077,12
way,A0077,11
rq,A0077,8
arraylist,A0077,6
arrays,A0077,4
input,A0077,4
mergesorting,A0077,4
sub,A0077,4
algori,A0077,2
array,A0077,2
comparisons,A0077,2
function,A0077,2
github,A0077,2
implementation,A0077,2
index,A0077,2
issue,A0077,2
nocaptcha,A0077,2
partitions,A0077,2
patch,A0077,2
purpose,A0077,2
quick,A0077,2
recursive,A0077,2
arraylist,A0080,21
method,A0080,14
multiple,A0080,11
variables,A0080,11
use,A0080,9
main,A0080,8
add,A0080,7
find,A0080,7
methods,A0080,7
rectangles,A0080,7
array,A0080,6
class,A0080,6
one,A0080,6
sort,A0080,6
another,A0080,5
calling,A0080,5
jpanel,A0080,5
merge,A0080,5
nocaptcha,A0080,5
tostring,A0080,5
value,A0080,5
can,A0080,4
draw,A0080,4
function,A0080,4
get,A0080,4
arraylist,A0081,19
values,A0081,13
merge,A0081,12
sort,A0081,12
switch,A0081,7
using,A0081,6
assign,A0081,3
new,A0081,3
based,A0081,2
linkedlist,A0081,2
recursive,A0081,2
size,A0081,2
spinner,A0081,2
switching,A0081,2
value,A0081,2
compare,A0081,1
single,A0081,1
double,A0082,15
string,A0082,11
using,A0082,10
arraylist,A0082,8
decimal,A0082,8
places,A0082,8
converting,A0082,7
integer,A0082,7
switch,A0082,7
check,A0082,6
equal,A0082,6
file,A0082,6
format,A0082,6
jlist,A0082,6
multiple,A0082,6
number,A0082,6
save,A0082,6
text,A0082,6
way,A0082,6
best,A0082,5
case,A0082,5
output,A0082,5
statement,A0082,5
value,A0082,5
vs,A0082,5
class,A0084,57
sort,A0084,29
reference,A0084,19
using,A0084,18
vs,A0084,18
list,A0084,16
inheritance,A0084,15
linked,A0084,15
find,A0084,14
percentage,A0084,14
another,A0084,12
compare,A0084,12
create,A0084,12
main,A0084,12
string,A0084,12
classes,A0084,11
get,A0084,11
tostring,A0084,11
variable,A0084,11
decimal,A0084,10
insertion,A0084,10
load,A0084,10
number,A0084,10
selection,A0084,10
error,A0084,9
sort,A0087,17
merge,A0087,10
algorithm,A0087,4
ioexception,A0087,4
place,A0087,4
put,A0087,4
statement,A0087,4
throws,A0087,4
using,A0087,4
quick,A0087,3
vs,A0087,3
gridbaglayout,A0088,8
linkedlist,A0088,7
getselectedvalue,A0088,6
classes,A0088,4
error,A0088,4
jlist,A0088,4
nullpointer,A0088,4
adjusting,A0088,3
array,A0088,3
boxlayout,A0088,3
size,A0088,3
algorithm,A0088,2
length,A0088,2
modifying,A0088,2
problem,A0088,2
problems,A0088,2
s,A0088,2
searching,A0088,2
shorthand,A0088,2
shunting,A0088,2
string,A0088,2
yard,A0088,2
buttle,A0088,1
radio,A0088,1
radiobuttle,A0088,1
vector,B0005,27
duplicates,B0005,21
check,B0005,18
delete,B0005,16
array,B0005,11
loop,B0005,10
can,B0005,9
exists,B0005,9
find,B0005,9
order,B0005,8
parallel,B0005,8
preserving,B0005,8
vectors,B0005,8
code,B0005,7
data,B0005,7
eclipse,B0005,7
interface,B0005,7
already,B0005,6
convert,B0005,6
defined,B0005,6
element,B0005,6
input,B0005,6
object,B0005,6
structure,B0005,6
type,B0005,6
input,B0007,26
tostring,B0007,19
numbers,B0007,16
currency,B0007,14
loop,B0007,14
printing,B0007,13
separate,B0007,12
utility,B0007,12
class,B0007,11
outside,B0007,9
string,B0007,9
separated,B0007,8
spaces,B0007,8
array,B0007,7
instance,B0007,7
print,B0007,7
make,B0007,6
c,B0007,5
eclipse,B0007,5
exception,B0007,5
multiple,B0007,5
value,B0007,5
can,B0007,4
certain,B0007,4
compile,B0007,4
data,B0009,4
frame,B0009,4
names,B0009,4
row,B0009,4
avoid,B0009,2
column,B0009,2
display,B0009,2
loop,B0009,2
r,B0009,2
removing,B0009,2
saving,B0009,2
using,B0009,2
writing,B0009,2
xlsx,B0009,2
decimal,B0012,11
double,B0012,10
format,B0012,9
value,B0012,9
objects,B0012,7
integers,B0012,6
inheritance,B0012,5
minimum,B0012,5
places,B0012,5
based,B0012,4
finding,B0012,4
formatting,B0012,4
get,B0012,4
input,B0012,4
integer,B0012,4
list,B0012,4
method,B0012,4
multiple,B0012,4
positive,B0012,4
smallest,B0012,4
string,B0012,4
sum,B0012,4
tostring,B0012,4
within,B0012,4
amount,B0012,3
aggregation,B0013,5
composition,B0013,5
difference,B0013,5
implementation,B0013,5
parse,B0013,5
bank,B0013,3
format,B0013,3
information,B0013,3
particular,B0013,3
plus,B0013,3
questions,B0013,3
border,B0013,2
components,B0013,2
converting,B0013,2
int,B0013,2
string,B0013,2
surround,B0013,2
swing,B0013,2
actionlistener,B0013,1
adding,B0013,1
android,B0013,1
bug,B0013,1
buttons,B0013,1
comboboxes,B0013,1
design,B0013,1
method,B0018,12
private,B0018,9
tostring,B0018,8
write,B0018,8
decimals,B0018,7
format,B0018,7
public,B0018,7
nocaptcha,B0018,6
whats,B0018,5
create,B0018,4
decimalformat,B0018,4
double,B0018,4
know,B0018,4
length,B0018,4
subclass,B0018,4
text,B0018,4
use,B0018,4
abstract,B0018,3
protected,B0018,3
return,B0018,3
type,B0018,3
eclipse,B0018,2
ee,B0018,2
mean,B0018,2
php,B0018,2
canvas,B0020,20
rectangles,B0020,19
use,B0020,19
draw,B0020,18
multiple,B0020,17
based,B0020,16
input,B0020,16
user,B0020,16
array,B0020,14
sort,B0020,13
line,B0020,12
string,B0020,11
parse,B0020,10
jpanel,B0020,9
merge,B0020,9
printstacktrace,B0020,8
class,B0020,7
remove,B0020,7
using,B0020,7
button,B0020,6
comparator,B0020,6
implement,B0020,6
scanner,B0020,6
vs,B0020,6
add,B0020,5
arrays,B0021,10
sorted,B0021,10
two,B0021,10
array,B0021,5
merge,B0021,5
file,B0021,4
text,B0021,4
using,B0021,4
combine,B0021,3
integer,B0021,3
arraylist,B0021,2
best,B0021,2
blocks,B0021,2
catch,B0021,2
factorial,B0021,2
fibonacci,B0021,2
initialization,B0021,2
ioexception,B0021,2
line,B0021,2
one,B0021,2
read,B0021,2
recursion,B0021,2
recursive,B0021,2
recursively,B0021,2
reverse,B0021,2
constructor,B0024,8
default,B0024,4
eclipse,B0024,4
error,B0024,4
implicit,B0024,4
macosx,B0024,4
src,B0024,4
super,B0024,4
undefined,B0024,4
zip,B0024,4
class,B0025,11
array,B0025,10
linked,B0025,8
list,B0025,8
integer,B0025,7
max,B0025,7
user,B0025,7
make,B0025,6
encapsulation,B0025,5
find,B0025,5
finding,B0025,5
numbers,B0025,5
enters,B0025,4
input,B0025,4
method,B0025,4
need,B0025,4
take,B0025,4
amount,B0025,3
applied,B0025,3
asking,B0025,3
can,B0025,3
compilation,B0025,3
counting,B0025,3
elements,B0025,3
enter,B0025,3
class,B0026,30
call,B0026,28
method,B0026,23
parser,B0026,9
private,B0026,9
read,B0026,9
methods,B0026,7
how,B0026,5
print,B0026,5
file,B0026,4
string,B0026,3
array,B0026,2
arraylist,B0026,2
attempt,B0026,2
best,B0026,2
binary,B0026,2
classes,B0026,2
closure,B0026,2
error,B0026,2
inside,B0026,2
instance,B0026,2
module,B0026,2
oncreate,B0026,2
static,B0026,2
value,B0026,2
file,B0027,24
string,B0027,21
arraylist,B0027,16
method,B0027,15
mergesort,B0027,8
text,B0027,8
accessor,B0027,7
create,B0027,7
reading,B0027,7
use,B0027,7
way,B0027,7
number,B0027,6
partition,B0027,6
contents,B0027,5
interface,B0027,5
item,B0027,5
print,B0027,5
classes,B0027,4
generating,B0027,4
loops,B0027,4
mutator,B0027,4
protected,B0027,4
random,B0027,4
run,B0027,4
storing,B0027,4